deckBranch,canonicalCards,productionEligibleMappedCards,coveragePct
Marty McFlyin's Ortho Deck::1) Netter's Concise Orthopaedic Anatomy::05 Forearm::05.11 Muscles,113,0,0
Marty McFlyin's Ortho Deck::1) Netter's Concise Orthopaedic Anatomy::08 Thigh/Hip::08.10 Muscles,96,0,0
Marty McFlyin's Ortho Deck::1) Netter's Concise Orthopaedic Anatomy::09 Leg/Knee::09.10 Muscles,72,0,0
Marty McFlyin's Ortho Deck::1) Netter's Concise Orthopaedic Anatomy::10 Foot/Ankle::10.12 Muscles,68,0,0
Marty McFlyin's Ortho Deck::1) Netter's Concise Orthopaedic Anatomy::07 Pelvis::07.09 Muscles,62,0,0
Marty McFlyin's Ortho Deck::2) Pocket Pimped::13 Foot & Ankle::13.01 General Anatomy,62,0,0
Marty McFlyin's Ortho Deck::2) Pocket Pimped::06 Hand::06.01 General Anatomy,60,0,0
Marty McFlyin's Ortho Deck::1) Netter's Concise Orthopaedic Anatomy::02 Spine::02.08 Muscles,50,0,0
Marty McFlyin's Ortho Deck::1) Netter's Concise Orthopaedic Anatomy::03 Shoulder::03.09 Muscles,49,0,0
Marty McFlyin's Ortho Deck::1) Netter's Concise Orthopaedic Anatomy::06 Hand::06.12 Muscles,49,0,0
Marty McFlyin's Ortho Deck::2) Pocket Pimped::11 Knee::06.04 Adult Reconstruction::Total Knee Arthroplasty (TKA),46,0,0
Marty McFlyin's Ortho Deck::2) Pocket Pimped::11 Knee::06.01 General Anatomy,45,0,0
Marty McFlyin's Ortho Deck::2) Pocket Pimped::02 Shoulder Girdle::02.01 General Anatomy,40,0,0
Marty McFlyin's Ortho Deck::1) Netter's Concise Orthopaedic Anatomy::01 Basic Science::01.01 Bones,36,0,0
Marty McFlyin's Ortho Deck::2) Pocket Pimped::04 Elbow::04.01 General Anatomy,36,0,0
Marty McFlyin's Ortho Deck::5) AAOS Res Study::Adult Reconstruction,31,0,0
Marty McFlyin's Ortho Deck::2) Pocket Pimped::01 The Basics::01.02 Infections,30,0,0
Marty McFlyin's Ortho Deck::2) Pocket Pimped::09 Hip::09.04 Reconstruction::Total Hip Arthroplasty (THA),30,0,0
Marty McFlyin's Ortho Deck::1) Netter's Concise Orthopaedic Anatomy::09 Leg/Knee::09.05 Joints,29,0,0
Marty McFlyin's Ortho Deck::2) Pocket Pimped::11 Knee::06.03 Sports::Anterior Cruciate Ligament (ACL),28,0,0
Marty McFlyin's Ortho Deck::1) Netter's Concise Orthopaedic Anatomy::04 Arm::04.11 Muscles,27,0,0
Marty McFlyin's Ortho Deck::2) Pocket Pimped::05 Forearm & Wrist::05.02 Trauma,27,0,0
Marty McFlyin's Ortho Deck::2) Pocket Pimped::05 Forearm & Wrist::05.01 General Anatomy,25,0,0
Marty McFlyin's Ortho Deck::2) Pocket Pimped::07 Spine::07.01 General Anatomy,25,0,0
Marty McFlyin's Ortho Deck::2) Pocket Pimped::14 Pediatrics::14.05 Lower Extremity::Developmental Dysplasia of the Hip (DDH),25,0,0
Marty McFlyin's Ortho Deck::3) OrthoBullets::Trauma::Pelvis Trauma::Acetabulum::Acetabular Fractures,24,0,0
Marty McFlyin's Ortho Deck::5) AAOS Res Study::Shoulder and Elbow,24,0,0
Marty McFlyin's Ortho Deck::2) Pocket Pimped::10 Femur::10.02 Trauma::Femoral Shaft,23,0,0
Marty McFlyin's Ortho Deck::2) Pocket Pimped::02 Shoulder Girdle::02.03 Sports::Shoulder Instability & Labrum,22,0,0
Marty McFlyin's Ortho Deck::1) Netter's Concise Orthopaedic Anatomy::05 Forearm::05.05 Joints,22,0,0
Marty McFlyin's Ortho Deck::2) Pocket Pimped::13 Foot & Ankle::13.02 Trauma::Ankle,22,0,0
Marty McFlyin's Ortho Deck::3) OrthoBullets::Miscellaneous,22,0,0
Marty McFlyin's Ortho Deck::2) Pocket Pimped::09 Hip::09.01 General Anatomy,21,0,0
Marty McFlyin's Ortho Deck::2) Pocket Pimped::14 Pediatrics::14.05 Lower Extremity::Slipped Capital Femoral Epiphysis (SCFE),21,0,0
Marty McFlyin's Ortho Deck::1) Netter's Concise Orthopaedic Anatomy::10 Foot/Ankle::10.02 Osteology,20,0,0
Marty McFlyin's Ortho Deck::1) Netter's Concise Orthopaedic Anatomy::01 Basic Science::01.02 Joints,19,0,0
Marty McFlyin's Ortho Deck::2) Pocket Pimped::14 Pediatrics::14.04 Spine::Scoliosis,19,0,0
Marty McFlyin's Ortho Deck::1) Netter's Concise Orthopaedic Anatomy::07 Pelvis::07.04 Trauma,19,0,0
Marty McFlyin's Ortho Deck::1) Netter's Concise Orthopaedic Anatomy::03 Shoulder::03.05 Joints,18,0,0
Marty McFlyin's Ortho Deck::2) Pocket Pimped::14 Pediatrics::14.03 Upper Extremity::Supracondylar Humerus,18,0,0
Marty McFlyin's Ortho Deck::2) Pocket Pimped::11 Knee::06.03 Sports::Patella,18,0,0
"Marty McFlyin's Ortho Deck::3) OrthoBullets::Trauma::General Trauma::Evaluation::Evaluation,  Resuscitation & Damage Control Orthopaedics",18,0,0
Marty McFlyin's Ortho Deck::3) OrthoBullets::Spine::Spine Degenerative::Cervical Conditions::Cervical Myelopathy,18,0,0
Marty McFlyin's Ortho Deck::2) Pocket Pimped::01 The Basics::01.03 Compartment Syndrome,17,0,0
Marty McFlyin's Ortho Deck::2) Pocket Pimped::01 The Basics::01.04 General Knowledge::Principles & Properties,17,0,0
Marty McFlyin's Ortho Deck::1) Netter's Concise Orthopaedic Anatomy::02 Spine::02.02 Osteology,17,0,0
Marty McFlyin's Ortho Deck::1) Netter's Concise Orthopaedic Anatomy::08 Thigh/Hip::08.02 Osteology,17,0,0
Marty McFlyin's Ortho Deck::2) Pocket Pimped::08 Pelvis::08.02 Trauma::Pelvic Ring,17,0,0
Marty McFlyin's Ortho Deck::1) Netter's Concise Orthopaedic Anatomy::07 Pelvis::07.02 Osteology,17,0,0
Marty McFlyin's Ortho Deck::1) Netter's Concise Orthopaedic Anatomy::10 Foot/Ankle::10.05 Joints,17,0,0
Marty McFlyin's Ortho Deck::2) Pocket Pimped::13 Foot & Ankle::13.03 Conditions::Cavovarus Foot,17,0,0
Marty McFlyin's Ortho Deck::1) Netter's Concise Orthopaedic Anatomy::02 Spine::02.09 Nerves,16,0,0
Marty McFlyin's Ortho Deck::1) Netter's Concise Orthopaedic Anatomy::02 Spine::02.10 Arteries,16,0,0
Marty McFlyin's Ortho Deck::2) Pocket Pimped::03 Arm::03.02 Trauma::Humerus,16,0,0
Marty McFlyin's Ortho Deck::1) Netter's Concise Orthopaedic Anatomy::03 Shoulder::03.04 Trauma,16,0,0
Marty McFlyin's Ortho Deck::2) Pocket Pimped::08 Pelvis::08.01 General Anatomy,16,0,0
Marty McFlyin's Ortho Deck::1) Netter's Concise Orthopaedic Anatomy::10 Foot/Ankle::10.13 Nerves,16,0,0
Marty McFlyin's Ortho Deck::2) Pocket Pimped::06 Hand::06.02 Hand Conditions::Scaphoid,16,0,0
Marty McFlyin's Ortho Deck::3) OrthoBullets::Pediatrics::Pediatric Trauma::Pelvis & Femur Trauma::Femoral Shaft Fractures,16,0,0
Marty McFlyin's Ortho Deck::3) OrthoBullets::Trauma::Upper Extremity::Forearm::Distal Radius,16,0,0
Marty McFlyin's Ortho Deck::3) OrthoBullets::Basic Science::MSK Science::Material Science::Material Properties,16,0,0
Marty McFlyin's Ortho Deck::Alex,16,0,0
Marty McFlyin's Ortho Deck::2) Pocket Pimped::01 The Basics::01.01 X-rays::Upper Extremity,15,0,0
Marty McFlyin's Ortho Deck::2) Pocket Pimped::01 The Basics::01.01 X-rays::Lower Extremity,15,0,0
Marty McFlyin's Ortho Deck::1) Netter's Concise Orthopaedic Anatomy::02 Spine::02.05 Joints,15,0,0
Marty McFlyin's Ortho Deck::2) Pocket Pimped::02 Shoulder Girdle::02.03 Sports::Rotator Cuff,15,0,0
Marty McFlyin's Ortho Deck::1) Netter's Concise Orthopaedic Anatomy::08 Thigh/Hip::08.01 Topographic Anatomy,15,0,0
Marty McFlyin's Ortho Deck::1) Netter's Concise Orthopaedic Anatomy::08 Thigh/Hip::08.03 Radiology,15,0,0
Marty McFlyin's Ortho Deck::1) Netter's Concise Orthopaedic Anatomy::08 Thigh/Hip::08.11 Nerves,15,0,0
Marty McFlyin's Ortho Deck::2) Pocket Pimped::14 Pediatrics::14.03 Upper Extremity::Elbow,15,0,0
Marty McFlyin's Ortho Deck::1) Netter's Concise Orthopaedic Anatomy::10 Foot/Ankle::10.03 Radiology,15,0,0
Marty McFlyin's Ortho Deck::2) Pocket Pimped::13 Foot & Ankle::13.02 Trauma::Calcaneus,15,0,0
Marty McFlyin's Ortho Deck::3) OrthoBullets::Shoulder & Elbow::Shoulder::Impingement & Rotator Cuff::Rotator Cuff Tears,15,0,0
Marty McFlyin's Ortho Deck::3) OrthoBullets::Trauma::Lower Extremity::Knee::Tibial Plateau Fractures,15,0,0
Marty McFlyin's Ortho Deck::2) Pocket Pimped::01 The Basics::01.01 X-rays::Pelvis,14,0,0
Marty McFlyin's Ortho Deck::2) Pocket Pimped::09 Hip::09.02 Trauma::Femoral Head & Neck,14,0,0
Marty McFlyin's Ortho Deck::1) Netter's Concise Orthopaedic Anatomy::05 Forearm::05.12 Nerves,14,0,0
Marty McFlyin's Ortho Deck::2) Pocket Pimped::07 Spine::07.02 Trauma::Spinal Cord Injuries,14,0,0
Marty McFlyin's Ortho Deck::2) Pocket Pimped::14 Pediatrics::14.03 Upper Extremity::Hand,14,0,0
Marty McFlyin's Ortho Deck::2) Pocket Pimped::14 Pediatrics::14.05 Lower Extremity::Tibia,14,0,0
Marty McFlyin's Ortho Deck::3) OrthoBullets::Knee & Sports::Knee::Knee Evaluation in the Athlete::Knee Imaging,14,0,0
Marty McFlyin's Ortho Deck::3) OrthoBullets::Knee & Sports::Knee::Ligament Injury::ACL Tear,14,0,0
Marty McFlyin's Ortho Deck::3) OrthoBullets::Trauma::Pelvis Trauma::Pelvis::Pelvic Ring Fractures,14,0,0
Marty McFlyin's Ortho Deck::3) OrthoBullets::Spine::Spine Degenerative::Cervical Conditions::Cervical Radiculopathy,14,0,0
Marty McFlyin's Ortho Deck::3) OrthoBullets::Pathology::Bone Tumors::Metastatic Disease::Metastatic Disease of Extremity,14,0,0
Marty McFlyin's Ortho Deck::4) Hip and Knee Book::Knee Chapters::Basic Concepts of TKA::Gap Balance - Soft Tissue Tension,14,0,0
Marty McFlyin's Ortho Deck::1) Netter's Concise Orthopaedic Anatomy::02 Spine::02.01 Topographic Anatomy,13,0,0
Marty McFlyin's Ortho Deck::1) Netter's Concise Orthopaedic Anatomy::08 Thigh/Hip::08.09 Origins and Insertions,13,0,0
Marty McFlyin's Ortho Deck::1) Netter's Concise Orthopaedic Anatomy::09 Leg/Knee::09.02 Osteology,13,0,0
Marty McFlyin's Ortho Deck::1) Netter's Concise Orthopaedic Anatomy::09 Leg/Knee::09.11 Nerves,13,0,0
Marty McFlyin's Ortho Deck::2) Pocket Pimped::09 Hip::09.02 Trauma::Acetabulum,13,0,0
Marty McFlyin's Ortho Deck::1) Netter's Concise Orthopaedic Anatomy::05 Forearm::05.02 Osteology,13,0,0
Marty McFlyin's Ortho Deck::2) Pocket Pimped::14 Pediatrics::14.01 General Anatomy,13,0,0
Marty McFlyin's Ortho Deck::1) Netter's Concise Orthopaedic Anatomy::06 Hand::06.10 Physical Exam,13,0,0
Marty McFlyin's Ortho Deck::1) Netter's Concise Orthopaedic Anatomy::06 Hand::06.13 Nerves,13,0,0
Marty McFlyin's Ortho Deck::1) Netter's Concise Orthopaedic Anatomy::07 Pelvis::07.03 Radiology,13,0,0
Marty McFlyin's Ortho Deck::2) Pocket Pimped::11 Knee::06.02 Trauma::Tibial Plateau,13,0,0
Marty McFlyin's Ortho Deck::2) Pocket Pimped::13 Foot & Ankle::13.03 Conditions::Hallux Valgus,13,0,0
Marty McFlyin's Ortho Deck::3) OrthoBullets::Trauma::Lower Extremity::Hindfoot::Talar Neck Fractures,13,0,0
Marty McFlyin's Ortho Deck::1) Netter's Concise Orthopaedic Anatomy::01 Basic Science::01.04 Muscles,12,0,0
Marty McFlyin's Ortho Deck::1) Netter's Concise Orthopaedic Anatomy::02 Spine::02.04 Trauma,12,0,0
Marty McFlyin's Ortho Deck::1) Netter's Concise Orthopaedic Anatomy::08 Thigh/Hip::08.12 Arteries,12,0,0
Marty McFlyin's Ortho Deck::1) Netter's Concise Orthopaedic Anatomy::03 Shoulder::03.10 Nerves,12,0,0
Marty McFlyin's Ortho Deck::1) Netter's Concise Orthopaedic Anatomy::05 Forearm::05.07 Other Structures,12,0,0
Marty McFlyin's Ortho Deck::1) Netter's Concise Orthopaedic Anatomy::05 Forearm::05.10 Physical Exam,12,0,0
Marty McFlyin's Ortho Deck::1) Netter's Concise Orthopaedic Anatomy::05 Forearm::05.14 Disorders,12,0,0
Marty McFlyin's Ortho Deck::1) Netter's Concise Orthopaedic Anatomy::06 Hand::06.04 Trauma,12,0,0
Marty McFlyin's Ortho Deck::1) Netter's Concise Orthopaedic Anatomy::10 Foot/Ankle::10.09 Physical Exam,12,0,0
Marty McFlyin's Ortho Deck::1) Netter's Concise Orthopaedic Anatomy::10 Foot/Ankle::10.11 Origins and Insertions,12,0,0
Marty McFlyin's Ortho Deck::3) OrthoBullets::Trauma::Lower Extremity::Ankle::Ankle Fractures,12,0,0
Marty McFlyin's Ortho Deck::3) OrthoBullets::Shoulder & Elbow::Shoulder::Instability::Traumatic Anterior Shoulder Instability (TUBS),12,0,0
Marty McFlyin's Ortho Deck::3) OrthoBullets::Shoulder & Elbow::Shoulder::Anatomy & Evaluation::Shoulder Exam,12,0,0
Marty McFlyin's Ortho Deck::3) OrthoBullets::Trauma::Lower Extremity::Shaft & Distal Femur::Femoral Shaft Fractures,12,0,0
Marty McFlyin's Ortho Deck::3) OrthoBullets::Pediatrics::Pediatric Trauma::Hip & Pelvis Conditions::Developmental Dysplasia of the Hip (DDH),12,0,0
Marty McFlyin's Ortho Deck::3) OrthoBullets::Basic Science::Clinical Science::Practice Management::Legal Considerations in Orthopaedic Practice,12,0,0
Marty McFlyin's Ortho Deck::3) OrthoBullets::Trauma::Upper Extremity::Shoulder::Scapula Fractures,12,0,0
"Marty McFlyin's Ortho Deck::5) AAOS Res Study::Other (Basic Science, Anatomy Imaging, Miscellaneous)",12,0,0
Marty McFlyin's Ortho Deck::2) Pocket Pimped::01 The Basics::01.04 General Knowledge::Open Fractures,11,0,0
Marty McFlyin's Ortho Deck::2) Pocket Pimped::02 Shoulder Girdle::02.02 Trauma::Clavicle,11,0,0
Marty McFlyin's Ortho Deck::2) Pocket Pimped::02 Shoulder Girdle::02.02 Trauma::Proximal Humerus,11,0,0
Marty McFlyin's Ortho Deck::1) Netter's Concise Orthopaedic Anatomy::08 Thigh/Hip::08.05 Joints,11,0,0
Marty McFlyin's Ortho Deck::2) Pocket Pimped::02 Shoulder Girdle::02.04 Adult Reconstruction::Total Shoulder Arthroplasty (TSA),11,0,0
Marty McFlyin's Ortho Deck::1) Netter's Concise Orthopaedic Anatomy::03 Shoulder::03.02 Osteology,11,0,0
Marty McFlyin's Ortho Deck::2) Pocket Pimped::07 Spine::07.02 Trauma::Spinal Conditions,11,0,0
Marty McFlyin's Ortho Deck::1) Netter's Concise Orthopaedic Anatomy::07 Pelvis::07.10 Nerves,11,0,0
Marty McFlyin's Ortho Deck::2) Pocket Pimped::12 Leg::12.02 Tibial Shaft,11,0,0
Marty McFlyin's Ortho Deck::1) Netter's Concise Orthopaedic Anatomy::10 Foot/Ankle::10.15 Disorders,11,0,0
Marty McFlyin's Ortho Deck::2) Pocket Pimped::12 Leg::12.01 General Anatomy,11,0,0
Marty McFlyin's Ortho Deck::2) Pocket Pimped::06 Hand::06.02 Hand Conditions::Thumb,11,0,0
Marty McFlyin's Ortho Deck::2) Pocket Pimped::13 Foot & Ankle::13.02 Trauma::Lisfranc,11,0,0
Marty McFlyin's Ortho Deck::3) OrthoBullets::Trauma::Lower Extremity::Hindfoot::Calcaneus Fractures,11,0,0
Marty McFlyin's Ortho Deck::3) OrthoBullets::Pediatrics::Pediatric Trauma::Hip & Pelvis Conditions::Slipped Capital Femoral Epiphysis (SCFE),11,0,0
Marty McFlyin's Ortho Deck::3) OrthoBullets::Spine::Spine Trauma::Spinal Cord Injury::Spinal Cord Injuries,11,0,0
Marty McFlyin's Ortho Deck::3) OrthoBullets::Recon::Recon Science::Arthroplasty Wear & Failure::Prosthetic Joint Infection,11,0,0
Marty McFlyin's Ortho Deck::3) OrthoBullets::Trauma::Upper Extremity::Elbow::Radial Head Fractures,11,0,0
Marty McFlyin's Ortho Deck::2) Pocket Pimped::01 The Basics::01.04 General Knowledge::Osteoporosis,10,0,0
Marty McFlyin's Ortho Deck::1) Netter's Concise Orthopaedic Anatomy::02 Spine::02.03 Radiology,10,0,0
Marty McFlyin's Ortho Deck::1) Netter's Concise Orthopaedic Anatomy::02 Spine::02.11 Disorders,10,0,0
Marty McFlyin's Ortho Deck::2) Pocket Pimped::02 Shoulder Girdle::02.02 Trauma::Shoulder Dislocations,10,0,0
Marty McFlyin's Ortho Deck::1) Netter's Concise Orthopaedic Anatomy::08 Thigh/Hip::08.04 Trauma,10,0,0
Marty McFlyin's Ortho Deck::1) Netter's Concise Orthopaedic Anatomy::04 Arm::04.06 Other Structures,10,0,0
Marty McFlyin's Ortho Deck::1) Netter's Concise Orthopaedic Anatomy::04 Arm::04.10 Origins and Insertions,10,0,0
Marty McFlyin's Ortho Deck::1) Netter's Concise Orthopaedic Anatomy::08 Thigh/Hip::08.13 Disorders,10,0,0
Marty McFlyin's Ortho Deck::1) Netter's Concise Orthopaedic Anatomy::05 Forearm::05.04 Trauma,10,0,0
Marty McFlyin's Ortho Deck::1) Netter's Concise Orthopaedic Anatomy::09 Leg/Knee::09.13 Disorders,10,0,0
Marty McFlyin's Ortho Deck::1) Netter's Concise Orthopaedic Anatomy::06 Hand::06.06 Joints,10,0,0
Marty McFlyin's Ortho Deck::1) Netter's Concise Orthopaedic Anatomy::06 Hand::06.15 Disorders,10,0,0
Marty McFlyin's Ortho Deck::2) Pocket Pimped::14 Pediatrics::14.04 Spine::Spondylolysis/Spondylolisthesis,10,0,0
Marty McFlyin's Ortho Deck::2) Pocket Pimped::11 Knee::06.02 Trauma::Knee Dislocations,10,0,0
"Marty McFlyin's Ortho Deck::2) Pocket Pimped::11 Knee::06.03 Sports::Collateral Ligaments (MCL,  LCL)",10,0,0
Marty McFlyin's Ortho Deck::2) Pocket Pimped::06 Hand::06.02 Hand Conditions::Metacarpal,10,0,0
Marty McFlyin's Ortho Deck::2) Pocket Pimped::06 Hand::06.02 Hand Conditions::Flexor Tendon Injuries,10,0,0
Marty McFlyin's Ortho Deck::2) Pocket Pimped::13 Foot & Ankle::13.02 Trauma::Pilon,10,0,0
Marty McFlyin's Ortho Deck::2) Pocket Pimped::13 Foot & Ankle::13.03 Conditions::Achilles Tendon,10,0,0
Marty McFlyin's Ortho Deck::3) OrthoBullets::Foot & Ankle::Degenerative Conditions::Tendon Conditions::Posterior Tibial Tendon Insufficiency (PTTI),10,0,0
Marty McFlyin's Ortho Deck::3) OrthoBullets::Knee & Sports::Knee::Knee Evaluation in the Athlete::History and Physical Exam of the Knee,10,0,0
Marty McFlyin's Ortho Deck::3) OrthoBullets::Shoulder & Elbow::Shoulder::Shoulder Arthroplasty::Reverse Shoulder Arthroplasty,10,0,0
Marty McFlyin's Ortho Deck::3) OrthoBullets::Trauma::Lower Extremity::Tibial Shaft::Tibial Shaft Fractures,10,0,0
Marty McFlyin's Ortho Deck::3) OrthoBullets::Spine::Pediatric Spine::Spondylolysis & Adolescent Back Pain::Pediatric Spondylolysis & Spondylolisthesis,10,0,0
Marty McFlyin's Ortho Deck::3) OrthoBullets::Trauma::Upper Extremity::Humerus::Humeral Shaft Fractures,10,0,0
Marty McFlyin's Ortho Deck::3) OrthoBullets::Trauma::General Trauma::Specific Presentations::Amputations,10,0,0
Marty McFlyin's Ortho Deck::3) OrthoBullets::Basic Science::Systemic Disease::Metabolic Bone Disease::Osteopenia & Osteoporosis,10,0,0
Marty McFlyin's Ortho Deck::3) OrthoBullets::Trauma::Lower Extremity::Tibial Shaft::Proximal Third Tibia Fracture,10,0,0
Marty McFlyin's Ortho Deck::3) OrthoBullets::Trauma::General Trauma::Compartment Syndrome::Leg Compartment Syndrome,10,0,0
Marty McFlyin's Ortho Deck::3) OrthoBullets::Trauma::Upper Extremity::Forearm::Radius and Ulnar Shaft Fractures,10,0,0
Marty McFlyin's Ortho Deck::3) OrthoBullets::Pathology::Bone Tumors::Osteogenic Tumors::Intramedullary Osteosarcoma,10,0,0
Marty McFlyin's Ortho Deck::2) Pocket Pimped::02 Shoulder Girdle::02.03 Sports::Adhesive Capsulitis & GIRD,9,0,0
Marty McFlyin's Ortho Deck::2) Pocket Pimped::03 Arm::03.01 General Anatomy,9,0,0
Marty McFlyin's Ortho Deck::1) Netter's Concise Orthopaedic Anatomy::04 Arm::04.05 Joints,9,0,0
Marty McFlyin's Ortho Deck::2) Pocket Pimped::04 Elbow::04.03 Sports::Elbow Instability,9,0,0
Marty McFlyin's Ortho Deck::1) Netter's Concise Orthopaedic Anatomy::05 Forearm::05.03 Radiology,9,0,0
Marty McFlyin's Ortho Deck::2) Pocket Pimped::09 Hip::09.02 Trauma::Hip Dislocations,9,0,0
Marty McFlyin's Ortho Deck::1) Netter's Concise Orthopaedic Anatomy::09 Leg/Knee::09.15 Surgical Approaches,9,0,0
Marty McFlyin's Ortho Deck::1) Netter's Concise Orthopaedic Anatomy::05 Forearm::05.16 Surgical Approaches,9,0,0
Marty McFlyin's Ortho Deck::2) Pocket Pimped::14 Pediatrics::14.02 The Basics::Physis,9,0,0
Marty McFlyin's Ortho Deck::2) Pocket Pimped::14 Pediatrics::14.03 Upper Extremity::Forearm & Wrist,9,0,0
Marty McFlyin's Ortho Deck::2) Pocket Pimped::14 Pediatrics::14.05 Lower Extremity::Femur,9,0,0
Marty McFlyin's Ortho Deck::2) Pocket Pimped::10 Femur::10.01 General Anatomy,9,0,0
Marty McFlyin's Ortho Deck::2) Pocket Pimped::11 Knee::06.03 Sports::Meniscus Injuries,9,0,0
Marty McFlyin's Ortho Deck::3) OrthoBullets::Trauma::Lower Extremity::Proximal Femur::Femoral Neck Fractures,9,0,0
Marty McFlyin's Ortho Deck::3) OrthoBullets::Shoulder & Elbow::Shoulder::Anatomy & Evaluation::Shoulder Imaging,9,0,0
Marty McFlyin's Ortho Deck::3) OrthoBullets::Trauma::Upper Extremity::Humerus::Proximal Humerus Fracture,9,0,0
Marty McFlyin's Ortho Deck::3) OrthoBullets::Pediatrics::Pediatric Trauma::Forearm Trauma::Both Bone Forearm Fracture - Pediatrics,9,0,0
Marty McFlyin's Ortho Deck::3) OrthoBullets::Spine::Spine Degenerative::Thoracic & Lumbar Conditions::Lumbar Disc Herniation,9,0,0
Marty McFlyin's Ortho Deck::3) OrthoBullets::Trauma::Upper Extremity::Elbow::Terrible Triad Injury of Elbow,9,0,0
Marty McFlyin's Ortho Deck::3) OrthoBullets::Trauma::Upper Extremity::Elbow::Olecranon Fractures,9,0,0
Marty McFlyin's Ortho Deck::3) OrthoBullets::Trauma::Lower Extremity::Shaft & Distal Femur::Distal Femur Fractures,9,0,0
Marty McFlyin's Ortho Deck::3) OrthoBullets::Trauma::General Trauma::Infection::Gas Gangrene,9,0,0
Marty McFlyin's Ortho Deck::3) OrthoBullets::Trauma::Upper Extremity::Shoulder::Brachial Plexus Injuries,9,0,0
Marty McFlyin's Ortho Deck::3) OrthoBullets::Pediatrics::Pediatric Syndromes::Dwarfism::Achondroplasia,9,0,0
Marty McFlyin's Ortho Deck::5) AAOS Res Study::Foot and Ankle,9,0,0
Marty McFlyin's Ortho Deck::1) Netter's Concise Orthopaedic Anatomy::08 Thigh/Hip::08.08 Physical Exam,8,0,0
Marty McFlyin's Ortho Deck::1) Netter's Concise Orthopaedic Anatomy::03 Shoulder::03.08 Physical Exam,8,0,0
Marty McFlyin's Ortho Deck::1) Netter's Concise Orthopaedic Anatomy::04 Arm::04.16 Surgical Approaches,8,0,0
Marty McFlyin's Ortho Deck::1) Netter's Concise Orthopaedic Anatomy::04 Arm::04.04 Trauma,8,0,0
Marty McFlyin's Ortho Deck::1) Netter's Concise Orthopaedic Anatomy::04 Arm::04.14 Disorders,8,0,0
Marty McFlyin's Ortho Deck::1) Netter's Concise Orthopaedic Anatomy::06 Hand::06.03 Radiology,8,0,0
Marty McFlyin's Ortho Deck::2) Pocket Pimped::14 Pediatrics::14.05 Lower Extremity::Blount's Disease,8,0,0
Marty McFlyin's Ortho Deck::1) Netter's Concise Orthopaedic Anatomy::07 Pelvis::07.08 Origins and Insertions,8,0,0
Marty McFlyin's Ortho Deck::2) Pocket Pimped::14 Pediatrics::14.05 Lower Extremity::Ankle,8,0,0
Marty McFlyin's Ortho Deck::1) Netter's Concise Orthopaedic Anatomy::10 Foot/Ankle::10.06 Other Structures,8,0,0
Marty McFlyin's Ortho Deck::1) Netter's Concise Orthopaedic Anatomy::10 Foot/Ankle::10.14 Arteries,8,0,0
Marty McFlyin's Ortho Deck::2) Pocket Pimped::06 Hand::06.02 Hand Conditions::Phalanx,8,0,0
Marty McFlyin's Ortho Deck::3) OrthoBullets::Recon::Hip Reconstruction::THA Primary Techniques::THA Approaches,8,0,0
Marty McFlyin's Ortho Deck::3) OrthoBullets::Pediatrics::Pediatric Foot::Cavus Deformities::Clubfoot (congenital talipes equinovarus),8,0,0
Marty McFlyin's Ortho Deck::3) OrthoBullets::Trauma::Upper Extremity::Shoulder::Midshaft Clavicle Fractures,8,0,0
Marty McFlyin's Ortho Deck::3) OrthoBullets::Spine::Pediatric Spine::Pediatric Deformity::Adolescent Idiopathic Scoliosis,8,0,0
Marty McFlyin's Ortho Deck::3) OrthoBullets::Pediatrics::Pediatric Foot::Planus Deformity::Tarsal Coalition,8,0,0
Marty McFlyin's Ortho Deck::3) OrthoBullets::Pediatrics::Pediatric Conditions::Varus & Valgus Deformities::Infantile Blount's Disease (tibia vara),8,0,0
"Marty McFlyin's Ortho Deck::3) OrthoBullets::Pediatrics::Pediatric Trauma::Upper Extremity Conditions::Obstetric Brachial Plexopathy (Erb's,  Klumpke's Palsy)",8,0,0
Marty McFlyin's Ortho Deck::3) OrthoBullets::Basic Science::Systemic Disease::Systematic Arthropathies::Rheumatoid Arthritis,8,0,0
Marty McFlyin's Ortho Deck::3) OrthoBullets::Trauma::Lower Extremity::Knee::Knee Dislocation,8,0,0
Marty McFlyin's Ortho Deck::3) OrthoBullets::Basic Science::MSK Science::Bone Basic Science::Bone Cells,8,0,0
Marty McFlyin's Ortho Deck::3) OrthoBullets::Trauma::General Trauma::Specific Presentations::Head Trauma,8,0,0
Marty McFlyin's Ortho Deck::3) OrthoBullets::Trauma::General Trauma::Compartment Syndrome::Hand & Forearm Compartment Syndrome,8,0,0
Marty McFlyin's Ortho Deck::3) OrthoBullets::Trauma::General Trauma::Infection::Wound & Hardware Infection,8,0,0
Marty McFlyin's Ortho Deck::3) OrthoBullets::Knee & Sports::Knee::Meniscal Injuries::Meniscal Injury,8,0,0
Marty McFlyin's Ortho Deck::3) OrthoBullets::Foot & Ankle::F&A Trauma::Ankle Sprains::High Ankle Sprain & Syndesmosis Injury,8,0,0
Marty McFlyin's Ortho Deck::3) OrthoBullets::Pediatrics::Pediatric Syndromes::Neuromuscular::Myelodysplasia,8,0,0
Marty McFlyin's Ortho Deck::3) OrthoBullets::Hand::Degenerative Conditions::Flexor Tendon Conditions::Trigger Finger,8,0,0
Marty McFlyin's Ortho Deck::3) OrthoBullets::Spine::Spine Degenerative::Cervical Conditions::Rheumatoid Cervical Spondylitis,8,0,0
Marty McFlyin's Ortho Deck::3) OrthoBullets::Recon::Hip Reconstruction::THA Revision Techniques::THA Revision,8,0,0
Marty McFlyin's Ortho Deck::4) Hip and Knee Book::Hip Chapters::THA Complications::Infection,8,0,0
Marty McFlyin's Ortho Deck::3) OrthoBullets::Shoulder & Elbow::Shoulder::Instability::Posterior Shoulder Instability & Dislocation,8,0,0
Marty McFlyin's Ortho Deck::1) Netter's Concise Orthopaedic Anatomy::02 Spine::02.07 Physical Exam,7,0,0
Marty McFlyin's Ortho Deck::1) Netter's Concise Orthopaedic Anatomy::03 Shoulder::03.03 Radiology,7,0,0
Marty McFlyin's Ortho Deck::1) Netter's Concise Orthopaedic Anatomy::03 Shoulder::03.11 Neurovascular Structures,7,0,0
Marty McFlyin's Ortho Deck::2) Pocket Pimped::04 Elbow::04.03 Sports::Distal Biceps,7,0,0
Marty McFlyin's Ortho Deck::1) Netter's Concise Orthopaedic Anatomy::04 Arm::04.09 Physical Exam,7,0,0
Marty McFlyin's Ortho Deck::1) Netter's Concise Orthopaedic Anatomy::04 Arm::04.12 Nerves,7,0,0
Marty McFlyin's Ortho Deck::1) Netter's Concise Orthopaedic Anatomy::09 Leg/Knee::09.04 Trauma,7,0,0
Marty McFlyin's Ortho Deck::1) Netter's Concise Orthopaedic Anatomy::09 Leg/Knee::09.12 Arteries,7,0,0
Marty McFlyin's Ortho Deck::2) Pocket Pimped::09 Hip::09.03 Sports::Femoroacetabular Impingement (FAI),7,0,0
Marty McFlyin's Ortho Deck::2) Pocket Pimped::14 Pediatrics::14.05 Lower Extremity::Legg-Calve-Perthes,7,0,0
Marty McFlyin's Ortho Deck::2) Pocket Pimped::14 Pediatrics::14.05 Lower Extremity::Leg Length Discrepancy,7,0,0
Marty McFlyin's Ortho Deck::1) Netter's Concise Orthopaedic Anatomy::07 Pelvis::07.13 Surgical Approaches,7,0,0
Marty McFlyin's Ortho Deck::1) Netter's Concise Orthopaedic Anatomy::10 Foot/Ankle::10.04 Trauma,7,0,0
Marty McFlyin's Ortho Deck::2) Pocket Pimped::10 Femur::10.02 Trauma::Distal Femur,7,0,0
Marty McFlyin's Ortho Deck::2) Pocket Pimped::06 Hand::06.02 Hand Conditions::Carpal Tunnel Syndrome,7,0,0
Marty McFlyin's Ortho Deck::2) Pocket Pimped::06 Hand::06.02 Hand Conditions::Extensor Tendon Injuries,7,0,0
Marty McFlyin's Ortho Deck::2) Pocket Pimped::13 Foot & Ankle::13.02 Trauma::Talus,7,0,0
Marty McFlyin's Ortho Deck::2) Pocket Pimped::13 Foot & Ankle::13.03 Conditions::Posterior Tibial Tendon Insufficiency (PTTI),7,0,0
Marty McFlyin's Ortho Deck::3) OrthoBullets::Shoulder & Elbow::Shoulder::Shoulder Arthroplasty::Total Shoulder Arthroplasty,7,0,0
Marty McFlyin's Ortho Deck::3) OrthoBullets::Pediatrics::Pediatric Syndromes::Connective Tissue::Osteogenesis Imperfecta,7,0,0
Marty McFlyin's Ortho Deck::3) OrthoBullets::Recon::Hip Reconstruction::THA Primary Techniques::THA Stability Techniques,7,0,0
Marty McFlyin's Ortho Deck::3) OrthoBullets::Trauma::General Trauma::Evaluation::Open Fractures Management,7,0,0
Marty McFlyin's Ortho Deck::3) OrthoBullets::Pediatrics::Pediatric Conditions::Tibial Bowing::Neurofibromatosis,7,0,0
Marty McFlyin's Ortho Deck::3) OrthoBullets::Pediatrics::Pediatric Conditions::Leg Conditions::Leg Length Discrepancy (LLD),7,0,0
Marty McFlyin's Ortho Deck::3) OrthoBullets::Trauma::Upper Extremity::Humerus::Distal Humerus Fractures,7,0,0
Marty McFlyin's Ortho Deck::3) OrthoBullets::Foot & Ankle::F&A Trauma::Tendon Injuries::Achilles Tendon Rupture,7,0,0
Marty McFlyin's Ortho Deck::3) OrthoBullets::Pathology::Bone Tumors::Unknown Origin::Ewing's Sarcoma,7,0,0
Marty McFlyin's Ortho Deck::3) OrthoBullets::Trauma::General Trauma::Infection::Septic Arthritis,7,0,0
Marty McFlyin's Ortho Deck::3) OrthoBullets::Trauma::General Trauma::Infection::Necrotizing Fasciitis,7,0,0
Marty McFlyin's Ortho Deck::3) OrthoBullets::Trauma::Upper Extremity::Elbow::Capitellum Fractures,7,0,0
Marty McFlyin's Ortho Deck::3) OrthoBullets::Trauma::Upper Extremity::Forearm::Monteggia Fractures,7,0,0
Marty McFlyin's Ortho Deck::3) OrthoBullets::Spine::Spine Basic & Clinical Science::Anatomy::Lumbar Spine Anatomy,7,0,0
Marty McFlyin's Ortho Deck::3) OrthoBullets::Shoulder & Elbow::Elbow::Instability and Throwing Injuries::Medial Ulnar Collateral Ligament Injury,7,0,0
Marty McFlyin's Ortho Deck::3) OrthoBullets::Pathology::Bone Tumors::Chondrogenic Tumors::Chondrosarcoma,7,0,0
Marty McFlyin's Ortho Deck::3) OrthoBullets::Pathology::Bone Tumors::Unknown Origin::Giant Cell Tumor,7,0,0
Marty McFlyin's Ortho Deck::3) OrthoBullets::Spine::Spine Basic & Clinical Science::Evaluation::Neck & Upper Extremity Spine Exam,7,0,0
Marty McFlyin's Ortho Deck::3) OrthoBullets::Recon::Hip Reconstruction::Hip Anatomy & Biomechanics::Hip Anatomy,7,0,0
Marty McFlyin's Ortho Deck::3) OrthoBullets::Hand::Hand Introduction::Anatomy::Extensor Tendon Compartments,7,0,0
Marty McFlyin's Ortho Deck::3) OrthoBullets::Pathology::Pathology::Introduction::Bone Tumor Staging Systems,7,0,0
Marty McFlyin's Ortho Deck::4) Hip and Knee Book::Knee Chapters::Basic Concepts of TKA::Native Knee Kinematics,7,0,0
Marty McFlyin's Ortho Deck::3) OrthoBullets::Basic Science::Systemic Disease::Thromboembolism::Anticoagulation Medications,7,0,0
Marty McFlyin's Ortho Deck::4) Hip and Knee Book::Knee Chapters::Basic Concepts of TKA::TKA Bone Cuts,7,0,0
Marty McFlyin's Ortho Deck::1) Netter's Concise Orthopaedic Anatomy::03 Shoulder::03.01 Topographic Anatomy,6,0,0
Marty McFlyin's Ortho Deck::2) Pocket Pimped::04 Elbow::04.02 Trauma::Proximal Ulna,6,0,0
Marty McFlyin's Ortho Deck::1) Netter's Concise Orthopaedic Anatomy::04 Arm::04.02 Osteology,6,0,0
Marty McFlyin's Ortho Deck::1) Netter's Concise Orthopaedic Anatomy::04 Arm::04.03 Radiology,6,0,0
Marty McFlyin's Ortho Deck::2) Pocket Pimped::04 Elbow::04.02 Trauma::Proximal Radius,6,0,0
Marty McFlyin's Ortho Deck::2) Pocket Pimped::04 Elbow::04.03 Sports::Epicondylitis,6,0,0
Marty McFlyin's Ortho Deck::1) Netter's Concise Orthopaedic Anatomy::04 Arm::04.13 Arteries,6,0,0
Marty McFlyin's Ortho Deck::1) Netter's Concise Orthopaedic Anatomy::09 Leg/Knee::09.08 Physical Exam,6,0,0
Marty McFlyin's Ortho Deck::1) Netter's Concise Orthopaedic Anatomy::09 Leg/Knee::09.14 Pediatric Disorders,6,0,0
Marty McFlyin's Ortho Deck::2) Pocket Pimped::09 Hip::09.02 Trauma::Intertrochanteric Fractures,6,0,0
Marty McFlyin's Ortho Deck::1) Netter's Concise Orthopaedic Anatomy::05 Forearm::05.06 Tunnels,6,0,0
Marty McFlyin's Ortho Deck::1) Netter's Concise Orthopaedic Anatomy::06 Hand::06.02 Osteology,6,0,0
Marty McFlyin's Ortho Deck::1) Netter's Concise Orthopaedic Anatomy::06 Hand::06.07 Other Structures,6,0,0
Marty McFlyin's Ortho Deck::2) Pocket Pimped::14 Pediatrics::14.02 The Basics::Lower Extremity Alignment,6,0,0
Marty McFlyin's Ortho Deck::1) Netter's Concise Orthopaedic Anatomy::06 Hand::06.11 Origins and Insertions,6,0,0
Marty McFlyin's Ortho Deck::1) Netter's Concise Orthopaedic Anatomy::07 Pelvis::07.01 Topographic Anatomy,6,0,0
Marty McFlyin's Ortho Deck::1) Netter's Concise Orthopaedic Anatomy::07 Pelvis::07.05 Joints,6,0,0
Marty McFlyin's Ortho Deck::1) Netter's Concise Orthopaedic Anatomy::07 Pelvis::07.07 Physical Exam,6,0,0
Marty McFlyin's Ortho Deck::1) Netter's Concise Orthopaedic Anatomy::07 Pelvis::07.11 Arteries,6,0,0
Marty McFlyin's Ortho Deck::2) Pocket Pimped::11 Knee::06.02 Trauma::Patella,6,0,0
Marty McFlyin's Ortho Deck::2) Pocket Pimped::11 Knee::06.03 Sports::Discoid Meniscus,6,0,0
Marty McFlyin's Ortho Deck::1) Netter's Concise Orthopaedic Anatomy::10 Foot/Ankle::10.16 Pediatric Disorders,6,0,0
Marty McFlyin's Ortho Deck::2) Pocket Pimped::06 Hand::06.02 Hand Conditions::Lunate,6,0,0
Marty McFlyin's Ortho Deck::2) Pocket Pimped::13 Foot & Ankle::13.02 Trauma::5th Metatarsal,6,0,0
Marty McFlyin's Ortho Deck::2) Pocket Pimped::13 Foot & Ankle::13.03 Conditions::Hallux Rigidus,6,0,0
Marty McFlyin's Ortho Deck::2) Pocket Pimped::13 Foot & Ankle::13.03 Conditions::Lesser Toes,6,0,0
Marty McFlyin's Ortho Deck::3) OrthoBullets::Knee & Sports::Lower Extremity::Hip Sports Conditions::Femoroacetabular Impingement,6,0,0
Marty McFlyin's Ortho Deck::3) OrthoBullets::Foot & Ankle::Degenerative Conditions::Hallux Disorders::Hallux Valgus,6,0,0
Marty McFlyin's Ortho Deck::3) OrthoBullets::Foot & Ankle::F&A Trauma::Tendon Injuries::Peroneal Tendon Tears and Instability,6,0,0
Marty McFlyin's Ortho Deck::3) OrthoBullets::Recon::Hip Reconstruction::THA Acute Complications::THA Periprosthetic Fracture,6,0,0
Marty McFlyin's Ortho Deck::3) OrthoBullets::Trauma::Upper Extremity::Elbow::Elbow Dislocation,6,0,0
Marty McFlyin's Ortho Deck::3) OrthoBullets::Trauma::Lower Extremity::Proximal Femur::Subtrochanteric Fractures,6,0,0
Marty McFlyin's Ortho Deck::3) OrthoBullets::Trauma::Upper Extremity::Shoulder::Sternoclavicular Dislocation,6,0,0
Marty McFlyin's Ortho Deck::3) OrthoBullets::Trauma::Upper Extremity::Shoulder::Distal Clavicle Fracture,6,0,0
Marty McFlyin's Ortho Deck::3) OrthoBullets::Trauma::Upper Extremity::Humerus::Humeral Shaft Nonunion,6,0,0
Marty McFlyin's Ortho Deck::3) OrthoBullets::Pediatrics::Pediatric Syndromes::Dwarfism::Mucopolysaccharidoses,6,0,0
Marty McFlyin's Ortho Deck::3) OrthoBullets::Pediatrics::Pediatric Trauma::Infection::Hip Septic Arthritis,6,0,0
Marty McFlyin's Ortho Deck::3) OrthoBullets::Knee & Sports::Knee::Knee Extensor Mechanism::Patellar Tendon Rupture,6,0,0
Marty McFlyin's Ortho Deck::3) OrthoBullets::Foot & Ankle::Degenerative Conditions::Hallux Disorders::DJD & Hallux Rigidus,6,0,0
Marty McFlyin's Ortho Deck::3) OrthoBullets::Spine::Spine Basic & Clinical Science::Anatomy::Spine Biomechanics,6,0,0
Marty McFlyin's Ortho Deck::3) OrthoBullets::Spine::Spine Basic & Clinical Science::Evaluation::Lower Extremity Spine & Neuro Exam,6,0,0
Marty McFlyin's Ortho Deck::3) OrthoBullets::Hand::Hand Tumors & Lesions::Tested Procedures::Wrist Arthroscopy,6,0,0
Marty McFlyin's Ortho Deck::3) OrthoBullets::Hand::Degenerative Conditions::Wrist Instability & Arthritis::SLAC,6,0,0
Marty McFlyin's Ortho Deck::3) OrthoBullets::Foot & Ankle::F&A Trauma::Ankle Sprains::Ankle Sprain,6,0,0
Marty McFlyin's Ortho Deck::3) OrthoBullets::Pediatrics::Pediatric Syndromes::Muscular Dystrophies::Duchenne Muscular Dystrophy,6,0,0
Marty McFlyin's Ortho Deck::3) OrthoBullets::Pediatrics::Pediatric Syndromes::Neuromuscular::Spinal Muscular Atrophy,6,0,0
Marty McFlyin's Ortho Deck::3) OrthoBullets::Recon::Hip Reconstruction::Hip Anatomy & Biomechanics::Pelvis Anatomy,6,0,0
Marty McFlyin's Ortho Deck::3) OrthoBullets::Recon::Hip Reconstruction::Adult Hip Conditions::Hip Osteoarthritis,6,0,0
Marty McFlyin's Ortho Deck::3) OrthoBullets::Trauma::Upper Extremity::Forearm::Distal Radial Ulnar Joint (DRUJ) Injuries,6,0,0
Marty McFlyin's Ortho Deck::3) OrthoBullets::Trauma::Pelvis Trauma::Pelvis::Sacral Fractures,6,0,0
Marty McFlyin's Ortho Deck::2) Pocket Pimped::01 The Basics::01.04 General Knowledge::Bone Formation,5,0,0
Marty McFlyin's Ortho Deck::2) Pocket Pimped::02 Shoulder Girdle::02.04 Adult Reconstruction::Reverse Shoulder Arthroplasty,5,0,0
Marty McFlyin's Ortho Deck::1) Netter's Concise Orthopaedic Anatomy::03 Shoulder::03.12 Arteries,5,0,0
Marty McFlyin's Ortho Deck::1) Netter's Concise Orthopaedic Anatomy::09 Leg/Knee::09.01 Topographic Anatomy,5,0,0
Marty McFlyin's Ortho Deck::1) Netter's Concise Orthopaedic Anatomy::09 Leg/Knee::09.03 Radiology,5,0,0
Marty McFlyin's Ortho Deck::2) Pocket Pimped::09 Hip::09.02 Trauma::Subtrochanteric Fractures,5,0,0
Marty McFlyin's Ortho Deck::1) Netter's Concise Orthopaedic Anatomy::05 Forearm::05.13 Arteries,5,0,0
Marty McFlyin's Ortho Deck::2) Pocket Pimped::14 Pediatrics::14.05 Lower Extremity::Transient Synovitis v Septic Arthritis,5,0,0
Marty McFlyin's Ortho Deck::1) Netter's Concise Orthopaedic Anatomy::10 Foot/Ankle::10.07 Minor Procedures,5,0,0
Marty McFlyin's Ortho Deck::2) Pocket Pimped::11 Knee::06.04 Adult Reconstruction::Unicompartmental Knee Arthroplasty (UKA),5,0,0
Marty McFlyin's Ortho Deck::2) Pocket Pimped::13 Foot & Ankle::13.02 Trauma::Subtalar Dislocations,5,0,0
Marty McFlyin's Ortho Deck::3) OrthoBullets::Trauma::Lower Extremity::Ankle::Tibial Plafond Fractures,5,0,0
Marty McFlyin's Ortho Deck::3) OrthoBullets::Shoulder & Elbow::Shoulder::Tendon Conditions & Tears::Pectoralis Major Rupture,5,0,0
Marty McFlyin's Ortho Deck::3) OrthoBullets::Pediatrics::Pediatric Foot::Planus Deformity::Congenital Vertical Talus,5,0,0
Marty McFlyin's Ortho Deck::3) OrthoBullets::Trauma::Lower Extremity::Knee::Patella Fracture,5,0,0
Marty McFlyin's Ortho Deck::3) OrthoBullets::Spine::Pediatric Spine::Pediatric Deformity::Congenital Scoliosis,5,0,0
Marty McFlyin's Ortho Deck::3) OrthoBullets::Pediatrics::Pediatric Trauma::Abuse & Trauma Evaluation::Pediatric Abuse,5,0,0
Marty McFlyin's Ortho Deck::3) OrthoBullets::Pediatrics::Pediatric Conditions::Varus & Valgus Deformities::Adolescent Blount's Disease,5,0,0
Marty McFlyin's Ortho Deck::3) OrthoBullets::Pediatrics::Pediatric Syndromes::Cerebral Palsy::Cerebral Palsy - Hip Conditions,5,0,0
Marty McFlyin's Ortho Deck::3) OrthoBullets::Pediatrics::Pediatric Syndromes::Connective Tissue::Arthrogryposis,5,0,0
Marty McFlyin's Ortho Deck::3) OrthoBullets::Trauma::General Trauma::Specific Presentations::Gun Shot Wounds,5,0,0
Marty McFlyin's Ortho Deck::3) OrthoBullets::Basic Science::MSK Science::Bone Basic Science::Embryology,5,0,0
Marty McFlyin's Ortho Deck::3) OrthoBullets::Trauma::General Trauma::Specific Presentations::Morel-Lavallee Lesion,5,0,0
Marty McFlyin's Ortho Deck::3) OrthoBullets::Trauma::General Trauma::Compartment Syndrome::Thigh Compartment Syndrome,5,0,0
Marty McFlyin's Ortho Deck::3) OrthoBullets::Trauma::Upper Extremity::Elbow::Coronoid Fractures,5,0,0
Marty McFlyin's Ortho Deck::3) OrthoBullets::Hand::Hand Trauma::Finger Trauma::Phalanx Dislocation,5,0,0
Marty McFlyin's Ortho Deck::3) OrthoBullets::Spine::Spine Trauma::Spinal Cord Injury::Incomplete Spinal Cord Injuries,5,0,0
Marty McFlyin's Ortho Deck::3) OrthoBullets::Pediatrics::Pediatric Syndromes::Dwarfism::Diastrophic Dysplasia,5,0,0
Marty McFlyin's Ortho Deck::3) OrthoBullets::Recon::Hip Reconstruction::Adult Hip Conditions::Hip Osteonecrosis,5,0,0
Marty McFlyin's Ortho Deck::3) OrthoBullets::Shoulder & Elbow::Elbow::Anatomy and Evaluation::Elbow Anatomy & Biomechanics,5,0,0
Marty McFlyin's Ortho Deck::3) OrthoBullets::Foot & Ankle::Degenerative Conditions::Hallux Disorders::Turf Toe,5,0,0
Marty McFlyin's Ortho Deck::3) OrthoBullets::Shoulder & Elbow::Shoulder::Arthritis & Stiffness::Glenohumeral Arthritis,5,0,0
Marty McFlyin's Ortho Deck::3) OrthoBullets::Foot & Ankle::F&A Trauma::Mid & Forefoot Trauma::Lisfranc Injury,5,0,0
Marty McFlyin's Ortho Deck::3) OrthoBullets::Spine::Spine Basic & Clinical Science::Intraoperative::Spinal Cord Monitoring,5,0,0
Marty McFlyin's Ortho Deck::3) OrthoBullets::Shoulder & Elbow::Shoulder::Impingement & Rotator Cuff::Subacromial Impingement,5,0,0
Marty McFlyin's Ortho Deck::3) OrthoBullets::Pediatrics::Pediatric Syndromes::Cerebral Palsy::Cerebral Palsy - Gait Disorders,5,0,0
Marty McFlyin's Ortho Deck::3) OrthoBullets::Recon::Hip Reconstruction::Adult Hip Evaluation::Hip Physical Exam - Adult,5,0,0
Marty McFlyin's Ortho Deck::3) OrthoBullets::Recon::Hip Reconstruction::Adult Hip Evaluation::Hip Radiographic Evaluation - Adult,5,0,0
Marty McFlyin's Ortho Deck::3) OrthoBullets::Knee & Sports::Knee::Ligament Injury::PCL Injury,5,0,0
Marty McFlyin's Ortho Deck::3) OrthoBullets::Knee & Sports::Knee::Ligament Injury::LCL Injury of the Knee,5,0,0
Marty McFlyin's Ortho Deck::3) OrthoBullets::Pathology::Bone Tumors::Osteogenic Tumors::Osteoid Osteoma,5,0,0
Marty McFlyin's Ortho Deck::3) OrthoBullets::Pathology::Bone Tumors::Chondrogenic Tumors::Osteochondroma & Multiple Hereditary Exostosis,5,0,0
Marty McFlyin's Ortho Deck::3) OrthoBullets::Foot & Ankle::F&A Trauma::Mid & Forefoot Trauma::5th Metatarsal Base Fracture,5,0,0
Marty McFlyin's Ortho Deck::3) OrthoBullets::Pediatrics::Pediatric Conditions::Varus & Valgus Deformities::Genu Valgum (Knocked Knees),5,0,0
Marty McFlyin's Ortho Deck::3) OrthoBullets::Hand::Hand Introduction::Anatomy::Ligaments of the Fingers,5,0,0
Marty McFlyin's Ortho Deck::3) OrthoBullets::Hand::Hand Introduction::Anatomy::Thumb Motion,5,0,0
Marty McFlyin's Ortho Deck::3) OrthoBullets::Trauma::Pelvis Trauma::Acetabulum::Hip Dislocation,5,0,0
Marty McFlyin's Ortho Deck::4) Hip and Knee Book::Knee Chapters::Knee Implants::TKA - Revision Designs,5,0,0
Marty McFlyin's Ortho Deck::3) OrthoBullets::Pathology::Soft Tissue Tumors::Synovial Tissue::Pigmented Villonodular Synovitis,5,0,0
Marty McFlyin's Ortho Deck::3) OrthoBullets::Basic Science::MSK Science::Biologic Tissues::Articular Cartilage,5,0,0
Marty McFlyin's Ortho Deck::3) OrthoBullets::Shoulder & Elbow::Shoulder::Instability::Multidirectional Shoulder Instability (MDI),5,0,0
Marty McFlyin's Ortho Deck::2) Pocket Pimped::01 The Basics::01.04 General Knowledge::AO/OTA Classification,4,0,0
Marty McFlyin's Ortho Deck::1) Netter's Concise Orthopaedic Anatomy::01 Basic Science::01.03 Nerves,4,0,0
Marty McFlyin's Ortho Deck::2) Pocket Pimped::01 The Basics::01.04 General Knowledge::Non-Unions,4,0,0
Marty McFlyin's Ortho Deck::2) Pocket Pimped::01 The Basics::01.04 General Knowledge::Cartilage,4,0,0
Marty McFlyin's Ortho Deck::2) Pocket Pimped::02 Shoulder Girdle::02.03 Sports::Proximal Biceps,4,0,0
Marty McFlyin's Ortho Deck::2) Pocket Pimped::02 Shoulder Girdle::02.04 Adult Reconstruction::Shoulder Hemiarthroplasty,4,0,0
Marty McFlyin's Ortho Deck::1) Netter's Concise Orthopaedic Anatomy::03 Shoulder::03.06 Minor Procedures,4,0,0
Marty McFlyin's Ortho Deck::1) Netter's Concise Orthopaedic Anatomy::03 Shoulder::03.13 Disorders,4,0,0
Marty McFlyin's Ortho Deck::1) Netter's Concise Orthopaedic Anatomy::09 Leg/Knee::09.09 Origins and Insertions,4,0,0
Marty McFlyin's Ortho Deck::1) Netter's Concise Orthopaedic Anatomy::08 Thigh/Hip::08.14 Pediatric Disorders,4,0,0
Marty McFlyin's Ortho Deck::1) Netter's Concise Orthopaedic Anatomy::08 Thigh/Hip::08.15 Surgical Approaches,4,0,0
Marty McFlyin's Ortho Deck::1) Netter's Concise Orthopaedic Anatomy::05 Forearm::05.01 Topographic Anatomy,4,0,0
Marty McFlyin's Ortho Deck::1) Netter's Concise Orthopaedic Anatomy::05 Forearm::05.08 Minor Procedures,4,0,0
Marty McFlyin's Ortho Deck::2) Pocket Pimped::07 Spine::07.02 Trauma::Vertebral Fractures,4,0,0
Marty McFlyin's Ortho Deck::1) Netter's Concise Orthopaedic Anatomy::06 Hand::06.05 Tendons,4,0,0
Marty McFlyin's Ortho Deck::1) Netter's Concise Orthopaedic Anatomy::06 Hand::06.16 Pediatric Disorders,4,0,0
Marty McFlyin's Ortho Deck::2) Pocket Pimped::14 Pediatrics::14.03 Upper Extremity::Syndromes and Conditions,4,0,0
Marty McFlyin's Ortho Deck::2) Pocket Pimped::14 Pediatrics::14.04 Spine::Kyphosis,4,0,0
Marty McFlyin's Ortho Deck::1) Netter's Concise Orthopaedic Anatomy::07 Pelvis::07.12 Disorders,4,0,0
Marty McFlyin's Ortho Deck::1) Netter's Concise Orthopaedic Anatomy::10 Foot/Ankle::10.01 Topographic Anatomy,4,0,0
Marty McFlyin's Ortho Deck::1) Netter's Concise Orthopaedic Anatomy::10 Foot/Ankle::10.17 Surgical Approaches,4,0,0
Marty McFlyin's Ortho Deck::2) Pocket Pimped::13 Foot & Ankle::13.03 Conditions::Peroneal Tendons,4,0,0
Marty McFlyin's Ortho Deck::2) Pocket Pimped::13 Foot & Ankle::13.03 Conditions::Freiberg's Disease,4,0,0
Marty McFlyin's Ortho Deck::3) OrthoBullets::Shoulder & Elbow::Shoulder::Arthritis & Stiffness::Adhesive Capsulitis (Frozen Shoulder),4,0,0
Marty McFlyin's Ortho Deck::3) OrthoBullets::Trauma::General Trauma::Infection::Osteomyelitis,4,0,0
Marty McFlyin's Ortho Deck::3) OrthoBullets::Foot & Ankle::Degenerative Conditions::Arthritic Conditions::Ankle Arthritis,4,0,0
Marty McFlyin's Ortho Deck::3) OrthoBullets::Trauma::Lower Extremity::Proximal Femur::Intertrochanteric Fractures,4,0,0
"Marty McFlyin's Ortho Deck::3) OrthoBullets::Shoulder & Elbow::Shoulder::Anatomy & Evaluation::Glenohumeral Joint Anatomy,  Stabilizer,  and Biomechanics",4,0,0
Marty McFlyin's Ortho Deck::3) OrthoBullets::Shoulder & Elbow::Shoulder::Anatomy & Evaluation::Os Acromiale,4,0,0
Marty McFlyin's Ortho Deck::3) OrthoBullets::Shoulder & Elbow::Shoulder::Anatomy & Evaluation::Phases of Throwing,4,0,0
Marty McFlyin's Ortho Deck::3) OrthoBullets::Pediatrics::Pediatric Trauma::Tibia & Ankle Trauma::Tibial Shaft Fractures - Pediatric,4,0,0
Marty McFlyin's Ortho Deck::3) OrthoBullets::Pediatrics::Pediatric Trauma::Tibia & Ankle Trauma::Triplane Fractures,4,0,0
Marty McFlyin's Ortho Deck::3) OrthoBullets::Pediatrics::Pediatric Conditions::Tibial Bowing::Anterolateral Bowing & Congenital Pseudoarthrosis of Tibia,4,0,0
Marty McFlyin's Ortho Deck::3) OrthoBullets::Pediatrics::Pediatric Syndromes::Neuromuscular::Charcot-Marie-Tooth Disease,4,0,0
Marty McFlyin's Ortho Deck::3) OrthoBullets::Pediatrics::Pediatric Syndromes::Cerebral Palsy::Cerebral Palsy - General,4,0,0
Marty McFlyin's Ortho Deck::3) OrthoBullets::Hand::Hand Trauma::Tendon Injuries::Jersey Finger,4,0,0
Marty McFlyin's Ortho Deck::3) OrthoBullets::Shoulder & Elbow::Shoulder::Arthritis & Stiffness::Avascular Necrosis of the Shoulder,4,0,0
Marty McFlyin's Ortho Deck::3) OrthoBullets::Basic Science::MSK Science::Bone Basic Science::Bone Matrix,4,0,0
Marty McFlyin's Ortho Deck::3) OrthoBullets::Basic Science::MSK Science::Bone Basic Science::Bone Circulation,4,0,0
Marty McFlyin's Ortho Deck::3) OrthoBullets::Basic Science::MSK Science::Bone Basic Science::Endochondral Bone Formation,4,0,0
Marty McFlyin's Ortho Deck::3) OrthoBullets::Basic Science::MSK Science::Bone Basic Science::Bone Signaling & RANKL,4,0,0
Marty McFlyin's Ortho Deck::3) OrthoBullets::Trauma::General Trauma::Evaluation::Trauma Scoring Systems,4,0,0
Marty McFlyin's Ortho Deck::3) OrthoBullets::Trauma::General Trauma::Specific Presentations::Domestic and Elder Abuse,4,0,0
Marty McFlyin's Ortho Deck::3) OrthoBullets::Trauma::General Trauma::Specific Presentations::Adult Respiratory Distress Syndrome (ARDS),4,0,0
Marty McFlyin's Ortho Deck::3) OrthoBullets::Trauma::General Trauma::Specific Presentations::Symptomatic Hardware and Implant Removal,4,0,0
Marty McFlyin's Ortho Deck::3) OrthoBullets::Trauma::General Trauma::Compartment Syndrome::Neonatal Forearm Compartment Syndrome,4,0,0
Marty McFlyin's Ortho Deck::3) OrthoBullets::Trauma::General Trauma::Compartment Syndrome::Foot Compartment Syndrome,4,0,0
Marty McFlyin's Ortho Deck::3) OrthoBullets::Trauma::Upper Extremity::Shoulder::Scapulothroacic Dissociation,4,0,0
Marty McFlyin's Ortho Deck::3) OrthoBullets::Pathology::Bone Tumors::Reactive Lesions::Unicameral Bone Cysts,4,0,0
Marty McFlyin's Ortho Deck::3) OrthoBullets::Hand::Hand Trauma::Carpal Trauma::Scaphoid Fracture,4,0,0
"Marty McFlyin's Ortho Deck::3) OrthoBullets::Spine::Spine Infections, Tumors, & Systemic Conditions::Spine Infections::Adult Pyogenic Vertebral Osteomyelitis",4,0,0
Marty McFlyin's Ortho Deck::3) OrthoBullets::Basic Science::Systemic Disease::Metabolic Bone Disease::Rickets,4,0,0
Marty McFlyin's Ortho Deck::3) OrthoBullets::Basic Science::Systemic Disease::Systematic Arthropathies::Juvenile Idiopathic Arthritis,4,0,0
Marty McFlyin's Ortho Deck::3) OrthoBullets::Knee & Sports::Knee::Knee Extensor Mechanism::Patellar Instability,4,4,100
Marty McFlyin's Ortho Deck::3) OrthoBullets::Recon::Hip Reconstruction::THA Chronic Complications::THA Pseudotumor (Metal on Metal Reactions),4,0,0
Marty McFlyin's Ortho Deck::3) OrthoBullets::Recon::Hip Reconstruction::THA Chronic Complications::THA Aseptic Loosening,4,0,0
Marty McFlyin's Ortho Deck::3) OrthoBullets::Shoulder & Elbow::Elbow::Anatomy and Evaluation::Elbow Physical Exam,4,0,0
Marty McFlyin's Ortho Deck::3) OrthoBullets::Foot & Ankle::Degenerative Conditions::Hallux Disorders::Sesamoid Injuries of the Hallux,4,0,0
Marty McFlyin's Ortho Deck::3) OrthoBullets::Pathology::Pathology::Introduction::Radiation Therapy,4,0,0
Marty McFlyin's Ortho Deck::3) OrthoBullets::Hand::Degenerative Conditions::Wrist Instability & Arthritis::Wrist Arthritis,4,0,0
Marty McFlyin's Ortho Deck::3) OrthoBullets::Hand::Degenerative Conditions::Wrist Instability & Arthritis::Scapholunate Ligament Injury & DISI,4,0,0
Marty McFlyin's Ortho Deck::3) OrthoBullets::Shoulder & Elbow::Shoulder::Impingement & Rotator Cuff::Biceps Subluxation,4,0,0
Marty McFlyin's Ortho Deck::3) OrthoBullets::Pediatrics::Pediatric Trauma::Infection::Osteomyelitis - Pediatric,4,0,0
Marty McFlyin's Ortho Deck::3) OrthoBullets::Pathology::Bone Tumors::Osteogenic Tumors::Osteoblastoma,4,0,0
Marty McFlyin's Ortho Deck::3) OrthoBullets::Pathology::Bone Tumors::Chondrogenic Tumors::Enchondromas,4,0,0
Marty McFlyin's Ortho Deck::3) OrthoBullets::Pathology::Bone Tumors::Fibrogenic & Histiocytic::Nonossifying Fibroma,4,0,0
Marty McFlyin's Ortho Deck::3) OrthoBullets::Pathology::Bone Tumors::Tumor-Like Lesions::Fibrous Dysplasia,4,0,0
Marty McFlyin's Ortho Deck::3) OrthoBullets::Spine::Spine Degenerative::Cervical Conditions::Cervical Adjacent Segment Disease,4,0,0
Marty McFlyin's Ortho Deck::3) OrthoBullets::Pathology::Soft Tissue Tumors::Lipogenic::Liposarcoma,4,0,0
Marty McFlyin's Ortho Deck::3) OrthoBullets::Pediatrics::Pediatric Foot::Cavus Deformities::Cavovarus Foot in Pediatrics & Adults,4,0,0
Marty McFlyin's Ortho Deck::3) OrthoBullets::Knee & Sports::Knee::Knee Cartilage Lesions::Articular Cartilage Defects of Knee,4,0,0
Marty McFlyin's Ortho Deck::3) OrthoBullets::Trauma::Upper Extremity::Forearm::Isolated Ulnar Shaft Fracture,4,0,0
Marty McFlyin's Ortho Deck::3) OrthoBullets::Trauma::Upper Extremity::Forearm::Galeazzi Fractures,4,0,0
Marty McFlyin's Ortho Deck::3) OrthoBullets::Trauma::Lower Extremity::Hindfoot::Talus Fracture (other than neck),4,0,0
Marty McFlyin's Ortho Deck::3) OrthoBullets::Trauma::Lower Extremity::Hindfoot::Subtalar Dislocations,4,0,0
Marty McFlyin's Ortho Deck::4) Hip and Knee Book::Knee Chapters::Basic Concepts of TKA::Native Knee Alignment,4,0,0
Marty McFlyin's Ortho Deck::3) OrthoBullets::Pathology::Soft Tissue Tumors::Soft Tissue Sarcoma::Soft Tissue Sarcoma,4,0,0
Marty McFlyin's Ortho Deck::3) OrthoBullets::Pathology::Bone Tumors::Metastatic Disease::Metastatic Disease of the Spine,4,0,0
Marty McFlyin's Ortho Deck::3) OrthoBullets::Basic Science::MSK Science::Fracture Healing & Nonunion::Bone Grafting,4,0,0
Marty McFlyin's Ortho Deck::4) Hip and Knee Book::Knee Chapters::Basic Concepts of TKA::TKA Alignment,4,0,0
Marty McFlyin's Ortho Deck::3) OrthoBullets::Shoulder & Elbow::Shoulder::Injuries in Throwing Athletes::SLAP Lesion,4,0,0
Marty McFlyin's Ortho Deck::3) OrthoBullets::Shoulder & Elbow::Shoulder::Neurovascular Disorders::Quadrilateral Space Syndrome,4,0,0
Marty McFlyin's Ortho Deck::3) OrthoBullets::Shoulder & Elbow::Elbow::Tendon Conditions & Tears::Distal Biceps Avulsion,4,0,0
Marty McFlyin's Ortho Deck::3) OrthoBullets::Shoulder & Elbow::Elbow::Tendon Conditions & Tears::Lateral Epicondylitis (Tennis Elbow),4,0,0
Marty McFlyin's Ortho Deck::1) Netter's Concise Orthopaedic Anatomy::08 Thigh/Hip::08.06 Minor Procedures,3,0,0
Marty McFlyin's Ortho Deck::1) Netter's Concise Orthopaedic Anatomy::03 Shoulder::03.15 Surgical Approaches,3,0,0
Marty McFlyin's Ortho Deck::1) Netter's Concise Orthopaedic Anatomy::04 Arm::04.15 Pediatric Disorders,3,0,0
Marty McFlyin's Ortho Deck::2) Pocket Pimped::09 Hip::09.03 Sports::Coxa Sultans (Snapping Hip),3,0,0
Marty McFlyin's Ortho Deck::1) Netter's Concise Orthopaedic Anatomy::06 Hand::06.01 Topographic Anatomy,3,0,0
Marty McFlyin's Ortho Deck::2) Pocket Pimped::14 Pediatrics::14.02 The Basics::Cerebral Palsy,3,0,0
Marty McFlyin's Ortho Deck::1) Netter's Concise Orthopaedic Anatomy::06 Hand::06.09 History,3,0,0
Marty McFlyin's Ortho Deck::2) Pocket Pimped::14 Pediatrics::14.03 Upper Extremity::Little Leaguer's Shoulder,3,0,0
Marty McFlyin's Ortho Deck::1) Netter's Concise Orthopaedic Anatomy::10 Foot/Ankle::10.08 History,3,0,0
Marty McFlyin's Ortho Deck::2) Pocket Pimped::06 Hand::06.02 Hand Conditions::Trigger Finger,3,0,0
Marty McFlyin's Ortho Deck::2) Pocket Pimped::06 Hand::06.02 Hand Conditions::Carpometacarpal Arthritis,3,0,0
Marty McFlyin's Ortho Deck::3) OrthoBullets::Trauma::Lower Extremity::Proximal Femur::Femoral Head Fractures,3,0,0
Marty McFlyin's Ortho Deck::3) OrthoBullets::Shoulder & Elbow::Elbow::Tendon Conditions & Tears::Triceps Rupture,3,0,0
Marty McFlyin's Ortho Deck::3) OrthoBullets::Knee & Sports::Knee::Knee Extensor Mechanism::Quadriceps Tendon Rupture,3,0,0
Marty McFlyin's Ortho Deck::3) OrthoBullets::Shoulder & Elbow::Shoulder::Anatomy & Evaluation::Acromioclavicular Joint,3,0,0
Marty McFlyin's Ortho Deck::3) OrthoBullets::Recon::Hip Reconstruction::THA Postoperative Care::THA Postoperative Inpatient Management,3,0,0
Marty McFlyin's Ortho Deck::3) OrthoBullets::Basic Science::Clinical Science::Clinical Studies::Statistic Definitions,3,0,0
Marty McFlyin's Ortho Deck::3) OrthoBullets::Basic Science::MSK Science::Bone Basic Science::Types of Bone,3,0,0
Marty McFlyin's Ortho Deck::3) OrthoBullets::Basic Science::MSK Science::Bone Basic Science::Bone Marrow,3,0,0
Marty McFlyin's Ortho Deck::3) OrthoBullets::Basic Science::MSK Science::Bone Basic Science::Intramembranous Bone Formation,3,0,0
Marty McFlyin's Ortho Deck::3) OrthoBullets::Trauma::General Trauma::Specific Presentations::Geriatric Patient Trauma,3,0,0
Marty McFlyin's Ortho Deck::3) OrthoBullets::Trauma::Upper Extremity::Shoulder::Flail Chest,3,0,0
Marty McFlyin's Ortho Deck::3) OrthoBullets::Spine::Spine Basic & Clinical Science::Anatomy::Thoracic Spine Anatomy,3,0,0
Marty McFlyin's Ortho Deck::3) OrthoBullets::Pathology::Soft Tissue Tumors::Other::Epitheliod Sarcoma,3,0,0
Marty McFlyin's Ortho Deck::3) OrthoBullets::Spine::Spine Trauma::Spinal Cord Injury::Cervical Spine Trauma Evaluation,3,0,0
Marty McFlyin's Ortho Deck::3) OrthoBullets::Pediatrics::Pediatric Syndromes::Connective Tissue::Marfan Syndrome,3,0,0
Marty McFlyin's Ortho Deck::3) OrthoBullets::Pediatrics::Pediatric Syndromes::Chromosomal::Down Syndrome,3,0,0
Marty McFlyin's Ortho Deck::3) OrthoBullets::Knee & Sports::Lower Extremity::Hip Sports Conditions::Hip Labral Tear,3,0,0
Marty McFlyin's Ortho Deck::3) OrthoBullets::Recon::Knee Reconstruction::TKA Chronic Complications::TKA Aseptic Loosening,3,0,0
Marty McFlyin's Ortho Deck::3) OrthoBullets::Knee & Sports::Knee::Knee Overuse Injuries::Patellar Tendinitis,3,0,0
Marty McFlyin's Ortho Deck::3) OrthoBullets::Knee & Sports::Knee::Knee Extensor Mechanism::Patellofemoral Joint,3,0,0
Marty McFlyin's Ortho Deck::3) OrthoBullets::Foot & Ankle::Degenerative Conditions::Lesser Toe Deformities::Synovitis of 2nd MTP,3,0,0
Marty McFlyin's Ortho Deck::3) OrthoBullets::Foot & Ankle::Degenerative Conditions::Lesser Toe Deformities::Bunionette Deformity,3,0,0
Marty McFlyin's Ortho Deck::3) OrthoBullets::Foot & Ankle::Degenerative Conditions::Lesser Toe Deformities::Freiberg's Disease,3,0,0
Marty McFlyin's Ortho Deck::3) OrthoBullets::Spine::Spine Basic & Clinical Science::Anatomy::Spinal Cord Anatomy,3,0,0
Marty McFlyin's Ortho Deck::3) OrthoBullets::Spine::Spine Basic & Clinical Science::Intraoperative::Blood Loss Management in Spine Surgery,3,0,0
Marty McFlyin's Ortho Deck::3) OrthoBullets::Hand::Degenerative Conditions::Wrist Instability & Arthritis::SNAC,3,0,0
Marty McFlyin's Ortho Deck::3) OrthoBullets::Hand::Degenerative Conditions::Wrist Instability & Arthritis::Lunotriquetral Ligament Injury & VISI,3,0,0
Marty McFlyin's Ortho Deck::3) OrthoBullets::Shoulder & Elbow::Shoulder::Impingement & Rotator Cuff::Calcific Tendonitis,3,0,0
Marty McFlyin's Ortho Deck::3) OrthoBullets::Pediatrics::Pediatric Syndromes::Cerebral Palsy::Cerebral Palsy - Foot Conditions,3,0,0
Marty McFlyin's Ortho Deck::3) OrthoBullets::Recon::Hip Reconstruction::Hip Anatomy & Biomechanics::Hip Biomechanics,3,0,0
Marty McFlyin's Ortho Deck::3) OrthoBullets::Recon::Hip Reconstruction::Adult Hip Evaluation::Hip Magnetic Resonance Imaging,3,0,0
Marty McFlyin's Ortho Deck::3) OrthoBullets::Knee & Sports::Knee::Meniscal Injuries::Discoid Meniscus,3,0,0
Marty McFlyin's Ortho Deck::3) OrthoBullets::Spine::Spine Degenerative::Cervical Conditions::Cervical Spondylosis,3,0,0
Marty McFlyin's Ortho Deck::3) OrthoBullets::Spine::Spine Degenerative::Cervical Conditions::Cervical Disc Arthroplasty,3,0,0
Marty McFlyin's Ortho Deck::3) OrthoBullets::Pediatrics::Pediatric Conditions::Rotational Deformities::Metatarsus Adductus,3,0,0
Marty McFlyin's Ortho Deck::3) OrthoBullets::Pediatrics::Pediatric Conditions::Rotational Deformities::Femoral Anteversion,3,0,0
Marty McFlyin's Ortho Deck::3) OrthoBullets::Knee & Sports::Knee::Knee Cartilage Lesions::Spontaneous Osteonecrosis of the Knee (SONK),3,0,0
Marty McFlyin's Ortho Deck::3) OrthoBullets::Recon::Hip Reconstruction::THA Chronic Complications::THA Trunnionosis,3,0,0
Marty McFlyin's Ortho Deck::3) OrthoBullets::Shoulder & Elbow::Shoulder::Shoulder Arthroplasty::Shoulder Resurfacing,3,0,0
Marty McFlyin's Ortho Deck::3) OrthoBullets::Shoulder & Elbow::Shoulder::Shoulder Arthroplasty::Shoulder Periprosthetic Fracture,3,0,0
Marty McFlyin's Ortho Deck::3) OrthoBullets::Hand::Hand Introduction::Anatomy::Flexor Pulley System,3,0,0
Marty McFlyin's Ortho Deck::3) OrthoBullets::Hand::Hand Introduction::Anatomy::Blood Supply to the Hand,3,0,0
Marty McFlyin's Ortho Deck::3) OrthoBullets::Hand::Hand Introduction::Anatomy::Wrist Ligaments & Biomechanics,3,0,0
Marty McFlyin's Ortho Deck::3) OrthoBullets::Hand::Hand Introduction::Anatomy::Motion of the Fingers,3,0,0
Marty McFlyin's Ortho Deck::3) OrthoBullets::Pathology::Pathology::Introduction::Impending Fracture & Prophylactic Fixation,3,0,0
Marty McFlyin's Ortho Deck::3) OrthoBullets::Pathology::Pathology::Introduction::Chemotherapy,3,0,0
Marty McFlyin's Ortho Deck::3) OrthoBullets::Trauma::Pelvis Trauma::Pelvis::SI Dislocation & Crescent Fractures,3,0,0
Marty McFlyin's Ortho Deck::3) OrthoBullets::Pathology::Bone Tumors::Hematopoietic::Multiple Myeloma,3,0,0
Marty McFlyin's Ortho Deck::3) OrthoBullets::Pathology::Bone Tumors::Tumor-Like Lesions::Heterotopic Ossification,3,0,0
Marty McFlyin's Ortho Deck::3) OrthoBullets::Basic Science::MSK Science::Biologic Tissues::Muscle Biology & Physiology,3,0,0
Marty McFlyin's Ortho Deck::3) OrthoBullets::Basic Science::MSK Science::Molecular Biology::Genetic Pearls,3,0,0
Marty McFlyin's Ortho Deck::3) OrthoBullets::Basic Science::MSK Science::Material Science::Orthopaedic Implants,3,0,0
Marty McFlyin's Ortho Deck::3) OrthoBullets::Basic Science::MSK Science::Material Science::Rehab and Prosthetics,3,0,0
Marty McFlyin's Ortho Deck::3) OrthoBullets::Basic Science::Systemic Disease::Systematic Arthropathies::Psoriatic Arthritis,3,0,0
Marty McFlyin's Ortho Deck::3) OrthoBullets::Basic Science::Systemic Disease::Thromboembolism::Thromboembolism (PE & DVT) Prophylaxis,3,0,0
Marty McFlyin's Ortho Deck::3) OrthoBullets::Basic Science::Medications & Toxicity::Medications::Antibiotic Classification & Mechanism,3,0,0
Marty McFlyin's Ortho Deck::3) OrthoBullets::Shoulder & Elbow::Shoulder::Neurovascular Disorders::Suprascapular Neuropathy,3,0,0
Marty McFlyin's Ortho Deck::3) OrthoBullets::Shoulder & Elbow::Shoulder::Neurovascular Disorders::Scapular Winging,3,0,0
Marty McFlyin's Ortho Deck::3) OrthoBullets::Recon::Hip Reconstruction::THA Acute Complications::THA Sciatic Nerve Palsy,3,0,0
Marty McFlyin's Ortho Deck::3) OrthoBullets::Recon::Hip Reconstruction::THA Acute Complications::THA Dislocation,3,0,0
Marty McFlyin's Ortho Deck::1) Netter's Concise Orthopaedic Anatomy::02 Spine::02.06 History,2,0,0
Marty McFlyin's Ortho Deck::2) Pocket Pimped::02 Shoulder Girdle::02.02 Trauma::Scapula,2,0,0
Marty McFlyin's Ortho Deck::1) Netter's Concise Orthopaedic Anatomy::02 Spine::02.12 Surgical Approaches,2,0,0
Marty McFlyin's Ortho Deck::1) Netter's Concise Orthopaedic Anatomy::08 Thigh/Hip::08.07 History,2,0,0
Marty McFlyin's Ortho Deck::1) Netter's Concise Orthopaedic Anatomy::03 Shoulder::03.07 History,2,0,0
Marty McFlyin's Ortho Deck::2) Pocket Pimped::04 Elbow::04.02 Trauma::Capitellum & Trochlea,2,0,0
Marty McFlyin's Ortho Deck::1) Netter's Concise Orthopaedic Anatomy::04 Arm::04.01 Topographic Anatomy,2,0,0
Marty McFlyin's Ortho Deck::1) Netter's Concise Orthopaedic Anatomy::04 Arm::04.07 Minor Procedures,2,0,0
Marty McFlyin's Ortho Deck::1) Netter's Concise Orthopaedic Anatomy::09 Leg/Knee::09.07 History,2,0,0
Marty McFlyin's Ortho Deck::1) Netter's Concise Orthopaedic Anatomy::05 Forearm::05.09 History,2,0,0
Marty McFlyin's Ortho Deck::1) Netter's Concise Orthopaedic Anatomy::05 Forearm::05.15 Pediatric Disorders,2,0,0
Marty McFlyin's Ortho Deck::2) Pocket Pimped::14 Pediatrics::14.02 The Basics::Joint Hypermobility,2,0,0
Marty McFlyin's Ortho Deck::1) Netter's Concise Orthopaedic Anatomy::06 Hand::06.08 Minor Procedures,2,0,0
Marty McFlyin's Ortho Deck::1) Netter's Concise Orthopaedic Anatomy::06 Hand::06.14 Arteries,2,0,0
Marty McFlyin's Ortho Deck::3) OrthoBullets::Trauma::Lower Extremity::Proximal Femur::Femoral Neck Fracture Nonunion,2,0,0
Marty McFlyin's Ortho Deck::3) OrthoBullets::Shoulder & Elbow::Shoulder::Anatomy & Evaluation::Sternoclavicular Joint,2,0,0
Marty McFlyin's Ortho Deck::3) OrthoBullets::Basic Science::MSK Science::Bone Basic Science::Normal Bone Metabolism,2,0,0
Marty McFlyin's Ortho Deck::3) OrthoBullets::Trauma::Upper Extremity::Humerus::Proximal Humerus Fracture Nonunion and Malunion,2,0,0
Marty McFlyin's Ortho Deck::3) OrthoBullets::Spine::Spine Basic & Clinical Science::Anatomy::Cervical Spine Anatomy,2,0,0
Marty McFlyin's Ortho Deck::3) OrthoBullets::Knee & Sports::Knee::Knee Overuse Injuries::Quadriceps Tendinitis,2,0,0
Marty McFlyin's Ortho Deck::3) OrthoBullets::Foot & Ankle::Degenerative Conditions::Lesser Toe Deformities::Claw Toe,2,0,0
Marty McFlyin's Ortho Deck::3) OrthoBullets::Foot & Ankle::Degenerative Conditions::Lesser Toe Deformities::Hammer Toe,2,0,0
Marty McFlyin's Ortho Deck::3) OrthoBullets::Foot & Ankle::Degenerative Conditions::Lesser Toe Deformities::MTP Dislocations,2,0,0
Marty McFlyin's Ortho Deck::3) OrthoBullets::Spine::Spine Basic & Clinical Science::Anatomy::Intervertebral Disc,2,0,0
Marty McFlyin's Ortho Deck::3) OrthoBullets::Pediatrics::Pediatric Syndromes::Cerebral Palsy::Cerebral Palsy - Upper Extremity Conditions,2,0,0
Marty McFlyin's Ortho Deck::3) OrthoBullets::Hand::Degenerative Conditions::Wrist Instability & Arthritis::Carpal Instability Nondissociative (CIND),2,0,0
Marty McFlyin's Ortho Deck::3) OrthoBullets::Shoulder & Elbow::Shoulder::Impingement & Rotator Cuff::Subcoracoid Impingement,2,0,0
Marty McFlyin's Ortho Deck::3) OrthoBullets::Pediatrics::Pediatric Syndromes::Muscular Dystrophies::Facioscapulohumeral Muscular Dystrophy,2,0,0
Marty McFlyin's Ortho Deck::3) OrthoBullets::Pathology::Bone Tumors::Reactive Lesions::Aneurysmal Bone Cyst,2,0,0
Marty McFlyin's Ortho Deck::3) OrthoBullets::Knee & Sports::Knee::Meniscal Injuries::Meniscal Cysts,2,0,0
Marty McFlyin's Ortho Deck::3) OrthoBullets::Pediatrics::Pediatric Conditions::Tibial Bowing::Fibular Deficiency (Anteromedial Bowing),2,0,0
Marty McFlyin's Ortho Deck::3) OrthoBullets::Knee & Sports::Knee::Knee Cartilage Lesions::Osteonecrosis of the Knee,2,0,0
Marty McFlyin's Ortho Deck::3) OrthoBullets::Trauma::Upper Extremity::Forearm::Radioulnar Synostosis,2,0,0
Marty McFlyin's Ortho Deck::3) OrthoBullets::Shoulder & Elbow::Shoulder::Shoulder Arthroplasty::Shoulder Hemiarthroplasty,2,0,0
Marty McFlyin's Ortho Deck::3) OrthoBullets::Shoulder & Elbow::Shoulder::Shoulder Arthroplasty::Shoulder Prosthetic Joint Infection,2,0,0
Marty McFlyin's Ortho Deck::3) OrthoBullets::Shoulder & Elbow::Shoulder::Shoulder Arthroplasty::Shoulder Arthrodesis,2,0,0
Marty McFlyin's Ortho Deck::3) OrthoBullets::Pathology::Pathology::Introduction::Biopsy Principles,2,0,0
Marty McFlyin's Ortho Deck::3) OrthoBullets::Pathology::Bone Tumors::Tumor-Like Lesions::Paget's Disease,2,0,0
Marty McFlyin's Ortho Deck::3) OrthoBullets::Pathology::Soft Tissue Tumors::Synovial Tissue::Synovial Chondromatosis,2,0,0
Marty McFlyin's Ortho Deck::3) OrthoBullets::Basic Science::MSK Science::Molecular Biology::Inheritance Patterns of Orthopaedic Syndromes,2,0,0
Marty McFlyin's Ortho Deck::3) OrthoBullets::Basic Science::Systemic Disease::Thromboembolism::Sickle Cell Anemia,2,0,0
Marty McFlyin's Ortho Deck::3) OrthoBullets::Basic Science::Medications & Toxicity::Medications::Bisphosphonates,2,0,0
Marty McFlyin's Ortho Deck::3) OrthoBullets::Basic Science::Systemic Disease::Neurologic Conditions::Complex Regional Pain Syndrome,2,0,0
Marty McFlyin's Ortho Deck::3) OrthoBullets::Basic Science::Medications & Toxicity::Pain Management::Anti-Inflammatory Medications,2,0,0
Marty McFlyin's Ortho Deck::3) OrthoBullets::Basic Science::Medications & Toxicity::Pain Management::Opiates & Analgesic Medications,2,0,0
Marty McFlyin's Ortho Deck::3) OrthoBullets::Shoulder & Elbow::Shoulder::Injuries in Throwing Athletes::Internal Impingement,2,0,0
Marty McFlyin's Ortho Deck::3) OrthoBullets::Shoulder & Elbow::Shoulder::Injuries in Throwing Athletes::Glenohumeral Internal Rotation Deficit (GIRD),2,0,0
Marty McFlyin's Ortho Deck::3) OrthoBullets::Shoulder & Elbow::Elbow::Arthritis and Stiffness::Elbow Stiffness and Contracture,2,0,0
Marty McFlyin's Ortho Deck::3) OrthoBullets::Shoulder & Elbow::Elbow::Elbow Arthroplasty::Total Elbow Arthroplasty,2,0,0
Marty McFlyin's Ortho Deck::3) OrthoBullets::Recon::Hip Reconstruction::Non-THA Treatment Options::Hip Resurfacing,2,0,0
Marty McFlyin's Ortho Deck::2) Pocket Pimped::01 The Basics::01.04 General Knowledge::Closed Fractures,1,0,0
Marty McFlyin's Ortho Deck::2) Pocket Pimped::02 Shoulder Girdle::02.02 Trauma::Acromioclavicular (AC) Joint,1,0,0
Marty McFlyin's Ortho Deck::1) Netter's Concise Orthopaedic Anatomy::03 Shoulder::03.14 Pediatric Disorders,1,0,0
Marty McFlyin's Ortho Deck::1) Netter's Concise Orthopaedic Anatomy::04 Arm::04.08 History,1,0,0
Marty McFlyin's Ortho Deck::1) Netter's Concise Orthopaedic Anatomy::09 Leg/Knee::09.06 Minor Procedures,1,0,0
Marty McFlyin's Ortho Deck::1) Netter's Concise Orthopaedic Anatomy::06 Hand::06.17 Surgical Approaches,1,0,0
Marty McFlyin's Ortho Deck::1) Netter's Concise Orthopaedic Anatomy::07 Pelvis::07.06 History,1,0,0
Marty McFlyin's Ortho Deck::3) OrthoBullets::Knee & Sports::Knee::Meniscal Injuries::Meniscus,1,0,0
Marty McFlyin's Ortho Deck::3) OrthoBullets::Shoulder & Elbow::Shoulder::Anatomy & Evaluation::Scapulothoracic Joint,1,0,0
Marty McFlyin's Ortho Deck::3) OrthoBullets::Trauma::General Trauma::Evaluation::Gustilo Classification,1,0,0
Marty McFlyin's Ortho Deck::3) OrthoBullets::Trauma::General Trauma::Evaluation::Tscherne Classification,1,0,0
Marty McFlyin's Ortho Deck::3) OrthoBullets::Pediatrics::Pediatric Syndromes::Other::Gaucher Disease,1,0,0
Marty McFlyin's Ortho Deck::3) OrthoBullets::Foot & Ankle::Degenerative Conditions::Lesser Toe Deformities::Mallet Toe,1,0,0
Marty McFlyin's Ortho Deck::3) OrthoBullets::Shoulder & Elbow::Shoulder::Impingement & Rotator Cuff::Biceps Tendonitis,1,0,0
Marty McFlyin's Ortho Deck::3) OrthoBullets::Spine::Spine Degenerative::Cervical Conditions::Ossification Posterior Longitudinal Ligament,1,0,0
Marty McFlyin's Ortho Deck::3) OrthoBullets::Recon::Hip Reconstruction::THA Chronic Complications::THA Iliopsoas Impingement,1,0,0
Marty McFlyin's Ortho Deck::3) OrthoBullets::Trauma::Pelvis Trauma::Pelvis::Ilium Fractures,1,0,0
Marty McFlyin's Ortho Deck::3) OrthoBullets::Pathology::Soft Tissue Tumors::Fibrogenic::Extra-abdominal Desmoid Tumor,1,0,0
Marty McFlyin's Ortho Deck::3) OrthoBullets::Pathology::Soft Tissue Tumors::Lipogenic::Lipomas,1,0,0
Marty McFlyin's Ortho Deck::3) OrthoBullets::Basic Science::MSK Science::Fracture Healing & Nonunion::Bone Growth Factors,1,0,0
Marty McFlyin's Ortho Deck::3) OrthoBullets::Basic Science::MSK Science::Fracture Healing & Nonunion::Bone Remodeling,1,0,0
Marty McFlyin's Ortho Deck::3) OrthoBullets::Basic Science::MSK Science::Fracture Healing & Nonunion::Fracture Healing,1,0,0
Marty McFlyin's Ortho Deck::3) OrthoBullets::Basic Science::MSK Science::Molecular Biology::Molecular Biology Basics,1,0,0
Marty McFlyin's Ortho Deck::5) AAOS Res Study::Sports Medicine,1,0,0
Marty McFlyin's Ortho Deck::3) OrthoBullets::Basic Science::Medications & Toxicity::Pain Management::General and Regional Anesthesia in Orthopaedics,1,0,0
Marty McFlyin's Ortho Deck::3) OrthoBullets::Recon::Recon Science::Arthroplasty Wear & Failure::TKA Polyethylene Wear & Manufacturing,1,0,0
